applicant_age,annual_income,credit_score,loan_amount,interest_rate,loan_term_months,employment_years,home_ownership,loan_purpose,debt_to_income_ratio,loan_status
62,45137.07,700,16020.13,15.07,36,18,RENT,MAJOR_PURCHASE,0.236,APPROVED
23,43056.04,679,27740.99,12.8,36,18,OWN,HOME_IMPROVEMENT,0.246,APPROVED
39,127512.79,563,39146.33,14.58,36,11,OWN,HOME_IMPROVEMENT,0.16,REJECTED
43,44060.81,754,9352.24,13.35,60,2,MORTGAGE,EDUCATION,0.278,APPROVED
46,41298.42,710,42323.21,13.01,60,3,RENT,HOME_IMPROVEMENT,0.366,APPROVED
27,132927.49,611,22105.68,13.76,60,12,RENT,SMALL_BUSINESS,0.211,REJECTED
64,63503.38,596,32410.9,12.44,36,8,RENT,EDUCATION,0.22,REJECTED
62,113203.11,672,35807.64,8.48,36,2,OWN,EDUCATION,0.179,APPROVED
35,139750.06,721,14568.19,10.64,60,15,RENT,SMALL_BUSINESS,0.132,APPROVED
57,95599.32,779,45402.03,10.21,60,5,MORTGAGE,EDUCATION,0.114,APPROVED
25,133610.14,638,33235.07,13.25,60,13,OWN,MAJOR_PURCHASE,0.449,APPROVED
55,61666.87,565,35612.75,14.36,36,18,OWN,SMALL_BUSINESS,0.121,REJECTED
49,50662.62,561,47921.72,18.13,60,6,MORTGAGE,DEBT_CONSOLIDATION,0.402,REJECTED
41,131316.98,819,32403.66,10.36,36,6,MORTGAGE,MAJOR_PURCHASE,0.42,APPROVED
60,70250.41,569,10034.05,16.92,60,10,RENT,DEBT_CONSOLIDATION,0.169,REJECTED
58,143740.03,603,37935.84,18.21,36,18,RENT,HOME_IMPROVEMENT,0.324,REJECTED
57,51484.98,830,44259.49,18.04,60,18,MORTGAGE,HOME_IMPROVEMENT,0.344,APPROVED
47,149427.62,751,24714.5,7.07,60,8,RENT,SMALL_BUSINESS,0.088,APPROVED
57,59153.54,672,5323.59,8.48,36,2,OWN,DEBT_CONSOLIDATION,0.27,APPROVED
39,110939.38,669,29265.53,8.66,60,16,OWN,HOME_IMPROVEMENT,0.115,APPROVED
64,82864.04,776,23499.6,14.25,36,4,RENT,EDUCATION,0.349,APPROVED
28,61341.45,657,29132.86,10.98,36,9,OWN,HOME_IMPROVEMENT,0.404,REJECTED
26,84289.43,610,7276.47,18.1,36,8,RENT,EDUCATION,0.26,REJECTED
35,134028.75,590,12408.67,18.31,36,9,OWN,SMALL_BUSINESS,0.237,REJECTED
68,149459.88,809,11965.86,8.33,60,2,MORTGAGE,MAJOR_PURCHASE,0.103,APPROVED
42,38745.5,804,27628.27,6.24,36,17,RENT,HOME_IMPROVEMENT,0.105,APPROVED
26,111675.08,680,23169.9,13.03,36,2,MORTGAGE,DEBT_CONSOLIDATION,0.235,APPROVED
59,98696.78,721,47061.78,14.21,36,11,RENT,SMALL_BUSINESS,0.226,APPROVED
64,108169.09,794,19227.97,5.62,36,20,MORTGAGE,DEBT_CONSOLIDATION,0.107,APPROVED
35,91694.39,627,46996.67,16.93,36,12,OWN,HOME_IMPROVEMENT,0.242,APPROVED
56,115017.71,830,5352.04,17.61,60,4,RENT,SMALL_BUSINESS,0.123,APPROVED
28,119605.17,639,17255.67,14.83,36,7,MORTGAGE,SMALL_BUSINESS,0.267,APPROVED
38,138829.71,586,9153.43,16.28,60,2,RENT,SMALL_BUSINESS,0.365,REJECTED
62,147616.16,642,38355.39,12.79,60,4,RENT,HOME_IMPROVEMENT,0.282,APPROVED
45,100736.13,635,24340.4,9.51,36,2,OWN,HOME_IMPROVEMENT,0.332,APPROVED
64,44129.65,768,48822.67,17.53,36,8,RENT,HOME_IMPROVEMENT,0.406,REJECTED
23,53164.56,730,40207.39,15.93,60,8,OWN,HOME_IMPROVEMENT,0.371,APPROVED
28,77139.92,579,43636.7,8.09,36,15,OWN,SMALL_BUSINESS,0.384,REJECTED
36,58304.98,658,22930.97,16.74,60,9,OWN,MAJOR_PURCHASE,0.228,REJECTED
56,71075.68,574,10190.38,7.82,60,9,RENT,DEBT_CONSOLIDATION,0.301,REJECTED
44,117968.32,720,24637.72,10.51,36,19,RENT,SMALL_BUSINESS,0.096,APPROVED
49,32199.57,835,35908.57,10.23,36,3,MORTGAGE,SMALL_BUSINESS,0.311,APPROVED
64,132065.8,713,27820.51,9.74,60,10,MORTGAGE,HOME_IMPROVEMENT,0.151,APPROVED
64,142962.91,649,32698.17,10.78,60,1,OWN,SMALL_BUSINESS,0.158,APPROVED
59,103586.07,724,25924.47,14.28,60,17,OWN,HOME_IMPROVEMENT,0.324,APPROVED
40,92823.34,731,9202.42,14.25,36,8,RENT,HOME_IMPROVEMENT,0.089,APPROVED
37,148104.45,597,25493.73,14.84,36,13,OWN,EDUCATION,0.17,REJECTED
63,113139.44,614,40028.92,7.79,36,17,OWN,DEBT_CONSOLIDATION,0.286,REJECTED
29,85862.5,797,35041.0,17.85,60,15,MORTGAGE,MAJOR_PURCHASE,0.238,APPROVED
57,84617.81,641,38464.49,11.35,60,8,MORTGAGE,SMALL_BUSINESS,0.363,APPROVED
55,89182.45,682,17356.89,14.78,36,8,OWN,SMALL_BUSINESS,0.198,APPROVED
56,41508.16,637,15406.77,14.68,36,3,OWN,EDUCATION,0.202,REJECTED
51,81061.36,665,42480.1,17.26,60,19,MORTGAGE,DEBT_CONSOLIDATION,0.397,APPROVED
58,76884.96,563,47423.37,15.3,60,14,MORTGAGE,MAJOR_PURCHASE,0.376,REJECTED
36,89611.08,699,24612.62,10.56,36,13,MORTGAGE,HOME_IMPROVEMENT,0.391,APPROVED
30,147725.19,833,6213.49,13.19,60,1,RENT,EDUCATION,0.13,APPROVED
51,53444.03,693,22059.67,11.41,36,11,OWN,SMALL_BUSINESS,0.358,APPROVED
48,61768.04,601,26163.81,18.5,36,12,RENT,DEBT_CONSOLIDATION,0.369,REJECTED
63,36750.46,575,47732.53,16.41,36,20,RENT,HOME_IMPROVEMENT,0.127,REJECTED
64,45497.95,671,25926.53,15.47,60,6,MORTGAGE,MAJOR_PURCHASE,0.437,REJECTED
67,45514.88,643,48412.43,13.02,36,10,MORTGAGE,EDUCATION,0.227,REJECTED
67,55402.91,684,9585.56,16.55,60,20,RENT,MAJOR_PURCHASE,0.37,APPROVED
44,94863.94,749,8103.05,5.66,60,14,OWN,DEBT_CONSOLIDATION,0.24,APPROVED
45,106999.04,795,36828.89,7.79,60,17,MORTGAGE,SMALL_BUSINESS,0.308,APPROVED
56,123407.69,798,24600.85,9.69,60,8,RENT,SMALL_BUSINESS,0.406,APPROVED
37,120556.2,754,20137.85,16.56,60,6,OWN,HOME_IMPROVEMENT,0.211,APPROVED
38,72159.98,701,30010.6,6.61,36,14,OWN,MAJOR_PURCHASE,0.361,APPROVED
66,88178.99,811,25167.85,6.71,36,8,OWN,HOME_IMPROVEMENT,0.193,APPROVED
59,75544.41,831,20469.08,10.07,60,15,OWN,SMALL_BUSINESS,0.173,APPROVED
29,117111.55,721,10379.96,7.99,36,16,OWN,MAJOR_PURCHASE,0.441,APPROVED
55,102421.31,611,42468.28,8.46,60,6,OWN,DEBT_CONSOLIDATION,0.342,REJECTED
30,64368.74,587,29901.15,13.79,36,16,RENT,DEBT_CONSOLIDATION,0.292,REJECTED
52,88488.28,734,13296.37,8.78,36,16,RENT,DEBT_CONSOLIDATION,0.228,APPROVED
26,100088.5,587,11827.72,6.61,60,8,RENT,MAJOR_PURCHASE,0.363,REJECTED
60,102342.97,675,39906.21,11.36,60,15,OWN,MAJOR_PURCHASE,0.446,APPROVED
41,99098.28,590,32433.39,17.82,36,7,MORTGAGE,HOME_IMPROVEMENT,0.178,REJECTED
27,50532.74,648,29839.65,5.53,36,15,MORTGAGE,MAJOR_PURCHASE,0.254,REJECTED
24,59314.2,704,36634.44,6.43,60,8,OWN,MAJOR_PURCHASE,0.325,APPROVED
34,82166.4,838,15116.43,17.31,36,5,RENT,DEBT_CONSOLIDATION,0.141,APPROVED
41,102215.2,707,24761.91,14.45,60,13,OWN,MAJOR_PURCHASE,0.28,APPROVED
50,41492.14,580,45024.03,13.35,60,1,RENT,HOME_IMPROVEMENT,0.436,REJECTED
58,101280.51,570,49980.76,12.99,60,6,OWN,MAJOR_PURCHASE,0.321,REJECTED
39,53415.72,783,33565.31,18.1,60,16,OWN,EDUCATION,0.203,APPROVED
64,44342.79,642,19841.16,9.25,60,13,MORTGAGE,DEBT_CONSOLIDATION,0.248,REJECTED
42,61783.06,619,48658.31,16.74,60,1,MORTGAGE,MAJOR_PURCHASE,0.251,REJECTED
25,54134.74,745,33018.52,13.63,60,2,RENT,SMALL_BUSINESS,0.283,APPROVED
40,83697.7,808,10464.17,14.73,36,10,MORTGAGE,DEBT_CONSOLIDATION,0.284,APPROVED
27,58514.68,618,25765.16,13.92,36,5,OWN,SMALL_BUSINESS,0.268,REJECTED
39,81027.86,807,49111.01,11.44,36,5,OWN,HOME_IMPROVEMENT,0.421,APPROVED
54,120062.52,629,43881.21,15.54,60,14,OWN,MAJOR_PURCHASE,0.179,APPROVED
22,65375.0,712,42686.42,16.75,60,15,MORTGAGE,EDUCATION,0.208,APPROVED
57,122018.98,753,25490.51,16.8,60,8,MORTGAGE,EDUCATION,0.166,APPROVED
48,37150.38,802,36735.25,10.52,60,5,OWN,DEBT_CONSOLIDATION,0.127,APPROVED
59,71175.38,611,44338.57,6.8,60,15,RENT,HOME_IMPROVEMENT,0.232,REJECTED
63,146454.9,598,26127.08,9.9,60,13,MORTGAGE,DEBT_CONSOLIDATION,0.395,REJECTED
65,133402.38,754,47936.28,16.84,60,2,MORTGAGE,DEBT_CONSOLIDATION,0.167,APPROVED
65,140669.63,676,38604.49,18.22,60,4,OWN,HOME_IMPROVEMENT,0.337,APPROVED
23,37426.93,588,18201.55,11.1,60,8,MORTGAGE,EDUCATION,0.289,REJECTED
33,52058.07,600,32427.13,13.56,60,8,OWN,MAJOR_PURCHASE,0.133,REJECTED
51,107272.75,795,16489.7,17.19,36,15,OWN,MAJOR_PURCHASE,0.138,APPROVED
50,143537.8,713,33752.24,14.47,60,15,OWN,HOME_IMPROVEMENT,0.45,APPROVED
52,44585.09,755,30736.52,18.4,60,10,RENT,EDUCATION,0.182,APPROVED
58,134077.95,585,45977.76,16.33,60,10,RENT,MAJOR_PURCHASE,0.377,REJECTED
36,107120.91,688,35499.4,13.67,36,2,OWN,EDUCATION,0.092,APPROVED
45,118418.45,606,45933.25,15.22,60,6,RENT,HOME_IMPROVEMENT,0.371,REJECTED
45,94640.58,699,42371.27,17.38,60,16,OWN,SMALL_BUSINESS,0.378,APPROVED
51,145621.41,632,38936.82,16.68,36,13,MORTGAGE,SMALL_BUSINESS,0.113,APPROVED
47,33642.4,834,10561.49,14.25,60,9,MORTGAGE,EDUCATION,0.384,REJECTED
45,44784.84,679,26216.46,17.4,60,8,MORTGAGE,DEBT_CONSOLIDATION,0.315,APPROVED
51,139307.74,714,34215.78,7.32,36,2,OWN,EDUCATION,0.123,APPROVED
37,136696.6,629,22489.06,14.22,60,18,OWN,MAJOR_PURCHASE,0.355,APPROVED
31,136478.83,610,42516.19,17.71,60,9,RENT,SMALL_BUSINESS,0.16,REJECTED
50,144165.51,745,9470.96,12.58,60,12,RENT,EDUCATION,0.182,APPROVED
29,143983.27,792,9125.3,13.84,36,20,RENT,DEBT_CONSOLIDATION,0.371,APPROVED
37,148680.87,665,8087.46,13.12,36,8,OWN,HOME_IMPROVEMENT,0.372,APPROVED
60,32334.6,634,49438.73,15.88,60,4,MORTGAGE,DEBT_CONSOLIDATION,0.129,REJECTED
44,125218.19,681,31498.38,7.77,36,2,RENT,EDUCATION,0.275,APPROVED
26,88197.02,745,28095.71,11.38,36,8,MORTGAGE,DEBT_CONSOLIDATION,0.349,APPROVED
64,93531.24,794,33950.33,6.29,36,16,OWN,EDUCATION,0.334,APPROVED
53,116063.36,787,8307.08,9.69,36,5,RENT,HOME_IMPROVEMENT,0.182,APPROVED
62,101073.03,726,22140.7,11.4,60,20,OWN,DEBT_CONSOLIDATION,0.373,APPROVED
29,132629.54,670,24353.15,10.88,36,15,OWN,EDUCATION,0.35,APPROVED
42,82358.15,690,21843.55,14.43,36,16,RENT,DEBT_CONSOLIDATION,0.388,APPROVED
27,82961.43,750,41529.62,13.12,36,18,MORTGAGE,SMALL_BUSINESS,0.328,APPROVED
48,73724.57,776,44064.15,18.09,36,20,OWN,SMALL_BUSINESS,0.118,APPROVED
54,57103.18,806,15091.02,10.05,36,18,OWN,DEBT_CONSOLIDATION,0.362,APPROVED
58,58686.77,779,43031.98,13.42,36,9,RENT,HOME_IMPROVEMENT,0.181,APPROVED
41,140741.43,739,5274.76,12.86,36,13,RENT,HOME_IMPROVEMENT,0.354,APPROVED
23,42827.41,831,14680.98,11.4,60,6,OWN,SMALL_BUSINESS,0.347,APPROVED
58,102354.41,586,12001.1,14.26,36,9,OWN,EDUCATION,0.26,REJECTED
50,80873.68,670,38972.44,9.99,36,4,OWN,MAJOR_PURCHASE,0.26,APPROVED
64,68393.49,672,22786.85,5.6,36,10,RENT,HOME_IMPROVEMENT,0.363,APPROVED
40,70718.44,563,27382.34,7.78,60,13,MORTGAGE,HOME_IMPROVEMENT,0.265,REJECTED
64,127131.62,596,22868.2,11.17,36,15,RENT,SMALL_BUSINESS,0.293,REJECTED
58,79721.9,773,18028.18,5.77,60,11,RENT,MAJOR_PURCHASE,0.25,APPROVED
66,140532.83,605,24652.03,8.66,36,19,OWN,MAJOR_PURCHASE,0.109,REJECTED
41,120004.97,673,19988.09,6.49,36,4,MORTGAGE,MAJOR_PURCHASE,0.152,APPROVED
44,73429.77,635,15632.1,8.83,36,6,MORTGAGE,HOME_IMPROVEMENT,0.361,REJECTED
63,40891.69,812,25877.89,14.35,60,19,MORTGAGE,MAJOR_PURCHASE,0.2,APPROVED
62,69304.39,785,8072.88,13.71,60,9,MORTGAGE,DEBT_CONSOLIDATION,0.21,APPROVED
26,68628.13,791,6692.33,16.31,60,3,MORTGAGE,DEBT_CONSOLIDATION,0.308,APPROVED
54,77368.93,581,25238.02,9.68,36,16,MORTGAGE,HOME_IMPROVEMENT,0.434,REJECTED
50,44213.22,735,49207.35,12.06,36,6,RENT,HOME_IMPROVEMENT,0.342,APPROVED
50,93840.09,641,21375.41,10.54,60,11,MORTGAGE,MAJOR_PURCHASE,0.099,APPROVED
62,108382.03,593,19836.08,9.19,60,20,RENT,SMALL_BUSINESS,0.11,REJECTED
64,48688.55,739,18960.43,7.18,60,3,OWN,MAJOR_PURCHASE,0.219,APPROVED
43,127955.8,829,9205.38,12.11,60,1,OWN,SMALL_BUSINESS,0.147,APPROVED
35,72324.42,808,13640.24,7.51,36,10,RENT,MAJOR_PURCHASE,0.365,APPROVED
55,36454.2,732,44437.67,13.26,36,5,RENT,HOME_IMPROVEMENT,0.388,REJECTED
61,127467.16,644,37453.23,10.84,36,8,OWN,MAJOR_PURCHASE,0.185,APPROVED
50,59612.35,682,18926.06,17.25,60,7,OWN,MAJOR_PURCHASE,0.444,REJECTED
51,122793.75,755,27630.8,18.06,60,7,MORTGAGE,HOME_IMPROVEMENT,0.403,APPROVED
25,107659.13,750,29954.33,14.75,36,17,RENT,SMALL_BUSINESS,0.111,APPROVED
32,64189.37,822,11630.69,6.69,60,8,OWN,SMALL_BUSINESS,0.424,REJECTED
48,38284.31,817,21828.27,18.43,60,12,RENT,DEBT_CONSOLIDATION,0.198,APPROVED
28,131022.8,731,40612.13,6.0,36,16,MORTGAGE,HOME_IMPROVEMENT,0.361,APPROVED
52,84934.97,562,45763.59,8.83,36,5,MORTGAGE,MAJOR_PURCHASE,0.275,REJECTED
29,123588.37,681,18551.8,8.6,36,20,OWN,DEBT_CONSOLIDATION,0.121,APPROVED
53,102415.21,568,33437.97,14.84,36,10,OWN,DEBT_CONSOLIDATION,0.307,REJECTED
37,99338.32,655,34896.71,12.31,36,12,RENT,MAJOR_PURCHASE,0.281,APPROVED
54,97389.93,759,44299.91,13.76,36,12,OWN,DEBT_CONSOLIDATION,0.212,APPROVED
26,72686.69,613,39717.56,7.23,60,12,MORTGAGE,SMALL_BUSINESS,0.381,REJECTED
33,129985.27,797,49136.86,13.71,60,5,RENT,EDUCATION,0.094,APPROVED
34,37169.14,662,44860.57,17.63,60,17,OWN,MAJOR_PURCHASE,0.255,APPROVED
24,120888.33,657,17874.99,16.76,36,11,OWN,DEBT_CONSOLIDATION,0.376,APPROVED
49,136959.41,785,45258.69,9.91,60,6,OWN,EDUCATION,0.216,APPROVED
55,63473.04,602,37718.66,11.1,36,6,MORTGAGE,SMALL_BUSINESS,0.199,REJECTED
27,70694.55,711,18792.31,7.67,60,15,OWN,EDUCATION,0.096,APPROVED
44,104552.47,782,17354.99,6.48,36,13,OWN,MAJOR_PURCHASE,0.376,APPROVED
65,50878.43,575,11425.08,5.95,60,3,RENT,SMALL_BUSINESS,0.214,REJECTED
58,35821.47,638,35557.79,10.34,60,3,MORTGAGE,HOME_IMPROVEMENT,0.276,REJECTED
47,69097.48,702,16232.52,5.84,36,6,OWN,MAJOR_PURCHASE,0.223,APPROVED
57,45895.8,693,36681.7,18.45,36,10,MORTGAGE,EDUCATION,0.154,APPROVED
30,132633.5,791,12769.54,18.46,60,11,MORTGAGE,SMALL_BUSINESS,0.343,APPROVED
57,95976.22,713,43311.29,15.82,36,17,RENT,DEBT_CONSOLIDATION,0.444,APPROVED
30,59934.87,812,6182.78,11.58,60,18,RENT,MAJOR_PURCHASE,0.407,REJECTED
26,68496.3,805,28656.3,16.2,60,3,RENT,SMALL_BUSINESS,0.318,APPROVED
50,86968.32,824,20503.17,15.48,36,5,OWN,MAJOR_PURCHASE,0.417,APPROVED
25,130104.12,825,11885.7,7.61,36,8,OWN,MAJOR_PURCHASE,0.411,APPROVED
27,61571.43,700,10632.66,13.49,60,3,MORTGAGE,HOME_IMPROVEMENT,0.299,APPROVED
59,50194.92,732,42913.85,16.23,36,1,RENT,DEBT_CONSOLIDATION,0.431,REJECTED
58,63229.4,667,39513.16,13.54,60,1,OWN,MAJOR_PURCHASE,0.187,APPROVED
41,88987.49,767,18384.52,14.45,36,6,OWN,EDUCATION,0.259,APPROVED
35,72142.72,633,19066.21,15.04,60,12,OWN,HOME_IMPROVEMENT,0.361,REJECTED
54,98274.84,723,15878.2,8.98,36,8,RENT,DEBT_CONSOLIDATION,0.099,APPROVED
46,133971.33,774,16172.16,16.08,36,19,MORTGAGE,SMALL_BUSINESS,0.15,APPROVED
32,90795.33,823,26006.68,11.97,60,3,OWN,MAJOR_PURCHASE,0.249,APPROVED
37,57387.04,740,7189.62,11.93,60,16,OWN,MAJOR_PURCHASE,0.083,APPROVED
28,82849.48,695,37737.86,10.26,60,13,RENT,MAJOR_PURCHASE,0.288,APPROVED
45,97280.31,597,22385.7,15.44,60,9,MORTGAGE,MAJOR_PURCHASE,0.124,REJECTED
28,78480.64,733,30102.43,15.31,60,7,MORTGAGE,MAJOR_PURCHASE,0.229,APPROVED
24,37345.8,630,37111.63,12.25,60,5,MORTGAGE,MAJOR_PURCHASE,0.132,REJECTED
61,69586.54,761,49577.71,13.22,60,17,MORTGAGE,MAJOR_PURCHASE,0.261,APPROVED
58,67375.29,568,21576.1,18.24,36,19,OWN,DEBT_CONSOLIDATION,0.301,REJECTED
38,146114.34,676,37463.01,7.72,60,20,OWN,HOME_IMPROVEMENT,0.384,APPROVED
37,35725.32,616,13585.29,9.58,60,5,OWN,HOME_IMPROVEMENT,0.232,REJECTED
61,140621.47,591,36759.89,12.79,36,16,MORTGAGE,EDUCATION,0.196,REJECTED
33,86240.3,832,20404.72,14.29,60,9,MORTGAGE,EDUCATION,0.151,APPROVED
37,64922.75,712,15119.02,15.53,60,7,MORTGAGE,EDUCATION,0.197,APPROVED
44,98137.54,700,17950.52,17.14,60,13,OWN,HOME_IMPROVEMENT,0.187,APPROVED
40,144727.02,600,20586.36,14.03,60,16,RENT,HOME_IMPROVEMENT,0.386,REJECTED
39,142096.82,699,11177.28,8.65,36,17,RENT,HOME_IMPROVEMENT,0.099,APPROVED
48,70974.65,801,9524.52,5.57,36,18,RENT,EDUCATION,0.322,APPROVED
52,88338.93,662,39016.0,9.68,60,2,RENT,MAJOR_PURCHASE,0.166,APPROVED
68,132339.31,579,46095.34,10.93,36,6,RENT,EDUCATION,0.372,REJECTED
33,142519.83,708,44453.44,9.38,36,20,RENT,SMALL_BUSINESS,0.185,APPROVED
63,96109.46,812,45016.7,16.56,36,15,OWN,HOME_IMPROVEMENT,0.379,APPROVED
43,51174.32,794,34172.84,5.68,36,11,OWN,MAJOR_PURCHASE,0.33,APPROVED
34,52708.4,767,42214.54,6.63,60,4,RENT,HOME_IMPROVEMENT,0.257,APPROVED
37,32805.95,756,15598.46,17.9,60,10,MORTGAGE,MAJOR_PURCHASE,0.084,APPROVED
63,74427.15,680,7795.59,11.55,36,6,OWN,MAJOR_PURCHASE,0.422,REJECTED
67,122841.24,620,33742.01,10.28,60,8,RENT,HOME_IMPROVEMENT,0.257,REJECTED
51,120232.71,751,23713.05,15.35,60,7,RENT,MAJOR_PURCHASE,0.403,APPROVED
27,94009.79,830,36669.48,17.42,36,4,RENT,MAJOR_PURCHASE,0.414,APPROVED
34,99578.8,636,12404.17,7.01,60,7,MORTGAGE,MAJOR_PURCHASE,0.261,APPROVED
54,84566.96,588,25404.45,11.44,60,2,MORTGAGE,EDUCATION,0.329,REJECTED
41,117347.05,762,16450.57,15.2,36,19,RENT,DEBT_CONSOLIDATION,0.237,APPROVED
66,39523.67,590,47056.23,18.32,36,16,RENT,SMALL_BUSINESS,0.231,REJECTED
30,122367.67,775,21850.74,11.33,60,13,OWN,DEBT_CONSOLIDATION,0.333,APPROVED
64,135197.34,628,34409.03,7.04,60,18,OWN,MAJOR_PURCHASE,0.127,APPROVED
36,130508.95,571,49032.08,14.26,60,18,OWN,MAJOR_PURCHASE,0.22,REJECTED
36,61206.42,737,11980.46,17.69,36,4,RENT,EDUCATION,0.308,APPROVED
23,60398.62,594,9540.35,11.3,36,2,RENT,DEBT_CONSOLIDATION,0.229,REJECTED
36,95691.66,588,11306.1,8.54,60,19,OWN,MAJOR_PURCHASE,0.301,REJECTED
65,128569.13,681,18579.4,18.31,36,17,RENT,EDUCATION,0.191,APPROVED
25,97692.74,649,33169.69,12.73,60,2,OWN,EDUCATION,0.371,APPROVED
42,114164.39,769,11714.79,7.89,60,18,OWN,HOME_IMPROVEMENT,0.394,APPROVED
41,133189.87,633,41259.93,12.81,36,14,MORTGAGE,MAJOR_PURCHASE,0.13,APPROVED
37,62089.49,729,34101.76,16.51,60,3,MORTGAGE,HOME_IMPROVEMENT,0.099,APPROVED
46,111493.29,580,44312.92,15.96,36,19,MORTGAGE,MAJOR_PURCHASE,0.16,REJECTED
35,134597.91,730,18643.46,8.25,36,7,MORTGAGE,DEBT_CONSOLIDATION,0.356,APPROVED
52,139904.07,664,22848.44,12.68,36,10,OWN,EDUCATION,0.277,APPROVED
44,68393.83,744,28076.74,11.56,60,16,OWN,HOME_IMPROVEMENT,0.217,APPROVED
48,37394.42,673,38356.36,8.89,36,19,MORTGAGE,EDUCATION,0.189,APPROVED
34,70924.1,754,30640.53,11.99,36,11,OWN,EDUCATION,0.438,REJECTED
63,119272.1,795,12570.51,7.7,60,18,OWN,HOME_IMPROVEMENT,0.419,APPROVED
56,148858.18,590,28577.5,17.79,36,2,RENT,EDUCATION,0.131,REJECTED
62,59309.14,637,5411.37,10.35,60,20,MORTGAGE,MAJOR_PURCHASE,0.418,REJECTED
64,89566.82,563,28949.56,5.65,60,17,MORTGAGE,SMALL_BUSINESS,0.278,REJECTED
40,34022.83,780,41277.55,6.89,36,4,MORTGAGE,HOME_IMPROVEMENT,0.169,APPROVED
61,94121.81,741,17029.61,6.53,60,13,OWN,MAJOR_PURCHASE,0.17,APPROVED
66,58651.16,601,34418.11,6.72,36,13,OWN,MAJOR_PURCHASE,0.256,REJECTED
62,33115.12,647,8720.88,13.88,60,11,MORTGAGE,DEBT_CONSOLIDATION,0.411,REJECTED
24,59112.45,803,17199.28,14.4,36,9,MORTGAGE,MAJOR_PURCHASE,0.324,APPROVED
33,141594.43,721,5704.61,13.13,36,13,RENT,SMALL_BUSINESS,0.14,APPROVED
37,98870.12,759,35466.57,10.49,60,5,MORTGAGE,DEBT_CONSOLIDATION,0.265,APPROVED
44,38336.18,783,15446.48,9.93,36,20,MORTGAGE,EDUCATION,0.439,REJECTED
42,35495.83,699,40259.67,11.88,60,12,MORTGAGE,EDUCATION,0.24,APPROVED
65,101133.26,754,8856.24,15.87,60,3,RENT,SMALL_BUSINESS,0.137,APPROVED
67,124499.05,638,38284.49,10.19,60,3,RENT,SMALL_BUSINESS,0.245,APPROVED
